4,0.0016087,0.0023496,0.030433,0.035705,0.022025,0.02342,0.054857,0.099255,0.13001,0.12808,0.11283,0.10583,0.11201,0.12906,0.15306,0.18143,0.2152,0.24699,0.27003,0.2897,0.30028,0.30087,0.29441,0.28084,0.25892,0.23198,0.20598,0.18438,0.17026,0.16395,0.16523,0.17932,0.20073,0.22534,0.25192,0.285,0.31481,0.34247,0.37008,0.3932
1,2.6683,0.96102,23.18,159.77,124.67,53.39,100.98,171.85,192.83,147.25,91.65,57.523,41.864,34.497,28.458,23.544,21.218,17.884,16.325,16.591,17.275,17.623,20.595,19.062,20.031,20.573,20.894,20.759,21.89,20.567,19.714,18.893,19.437,19.641,21.821,20.348,18.251,17.602,18.112,19.736
2,0.0025904,0.0049305,0.029991,0.049522,0.0637,0.21845,0.57693,0.82828,0.74342,0.55053,0.44583,0.36774,0.28277,0.21059,0.15521,0.12295,0.10704,0.10193,0.10295,0.11206,0.12256,0.1292,0.13202,0.12891,0.12032,0.10795,0.093555,0.08022,0.067786,0.059966,0.050013,0.045089,0.044421,0.044309,0.040263,0.040313,0.039676,0.038295,0.040383,0.039849
1,3.1128,1.0029,30.352,189.64,121.5,39.391,52.462,100.45,153.9,161.28,126.53,87.131,59.529,43.652,33.197,27.99,28.256,28.243,29.652,31.789,32.913,31.969,32.195,28.073,25.8,23.303,21.103,19.07,19.349,16.948,16.512,16.512,18.462,19.637,25.837,25.909,24.096,24.881,26.668,29.666
2,0.0050557,0.0092451,0.045378,0.23604,0.28671,0.090151,0.056366,0.089679,0.15618,0.22678,0.27355,0.2817,0.25114,0.20404,0.15542,0.12228,0.1074,0.10396,0.1067,0.11824,0.13179,0.14563,0.16032,0.16936,0.17614,0.17913,0.18327,0.18931,0.20435,0.21681,0.23719,0.26793,0.30779,0.35259,0.40111,0.46027,0.52289,0.59097,0.66678,0.74967
2,0.46725,0.8803,5.1472,18.387,16.616,18.126,34.96,38.08,24.245,15.308,16.297,19.411,20.842,19.984,17.266,13.717,10.358,7.591,5.4944,4.5718,3.9269,3.5152,3.258,2.8448,2.521,2.2652,2.0119,1.7511,1.6686,1.462,1.0788,0.86952,0.8912,0.90987,0.89129,0.9053,0.71959,0.66048,0.70638,0.79704
3,0.10046,0.044413,0.47075,5.7203,8.2644,4.1687,7.2883,11.178,12.862,11.311,8.4645,6.4556,6.1078,7.3,9.4459,11.884,14.15,15.412,15.233,14.246,12.4,10.077,7.9264,6.2199,4.8163,3.7817,3.0314,2.4688,2.1706,1.6638,1.3666,1.1711,1.0648,0.93696,0.79409,0.7053,0.62768,0.56795,0.55616,0.59814
1,3.7631,1.1171,37.186,237.48,136.17,31.811,40.021,70.107,92.78,86.407,62.554,40.13,27.432,23.14,21.382,20.559,22.702,20.642,19.854,19.724,18.933,17.568,19.193,15.078,14.518,14.218,14.018,13.848,15.046,14.56,14.183,13.912,14.472,14.747,23.737,17.529,13.582,12.587,12.628,13.73
4,0.21097,0.39425,2.3839,5.6136,8.1331,16.22,34.116,47.175,44.561,30.194,17.193,9.5954,6.1019,4.7319,4.0509,3.7606,3.7192,3.7427,3.7963,4.0425,4.2552,4.3207,4.3628,4.2328,4.0992,3.9144,3.6856,3.5178,3.4641,3.3283,3.201,3.1124,3.2667,3.3966,3.2058,3.2606,3.1573,3.0607,3.0772,3.0629
2,0.0039924,0.0058847,0.037199,0.12834,0.20763,0.30143,0.47473,0.61184,0.65142,0.70095,0.78639,0.79857,0.71388,0.59783,0.47857,0.38945,0.33712,0.31338,0.29911,0.29963,0.29578,0.28261,0.26249,0.23858,0.21106,0.18399,0.16014,0.14032,0.12409,0.11342,0.10053,0.094996,0.092941,0.09116,0.089338,0.086369,0.082762,0.080543,0.08151,0.08155
1,3.2133,1.4545,30.884,194.78,117.92,43.988,78.377,134.28,174.9,170.12,134.11,90.563,55.055,35.642,25.977,22.624,23.699,22.345,22.261,23.334,24.741,25.677,28.989,27.652,28.185,27.755,26.365,24.299,23.404,20.044,17.618,15.768,15.485,15.226,21.103,17.788,15.003,15.005,16.195,18.702
1,3.0807,1.3658,29.788,186.49,119.8,39.455,58.373,101.68,141.27,154.19,136.57,106.51,83.217,70.87,61.014,52.765,47.65,40.372,34.567,31.619,29.203,27.038,28.074,24.655,24.614,24.987,25.731,26.625,29.021,30.145,30.825,31.908,33.724,34.747,40.356,37.289,34.777,33.852,33.925,34.664
3,0.18488,0.044071,0.5614,6.714,13.886,28.237,60.349,69.301,52.828,32.736,19.441,13.529,13.706,16.892,20.905,24.193,25.875,24.95,21.416,17.446,13.309,9.566,6.8119,5.1145,4.0003,3.4095,2.962,2.7564,2.6591,2.5415,2.2586,2.0067,2.0262,1.9007,1.6301,1.4789,1.3735,1.2244,1.2165,1.1649
3,0.5257,0.28776,2.8479,24.029,27.943,55.556,111.33,126.23,105.55,67.688,38.266,26.969,29.573,38.01,46.747,52.345,54.112,50.863,43.522,36.108,28.502,21.32,15.927,11.766,8.9309,7.154,5.7828,4.858,4.3536,3.6616,3.1426,2.643,2.6967,2.7885,2.5817,2.2251,1.9599,1.8179,1.8808,2.0162
4,0.0089305,0.012654,0.11572,0.24292,0.21146,0.43612,1.1237,1.9036,2.3493,2.265,1.8914,1.5947,1.5024,1.574,1.6858,1.7692,1.8054,1.7766,1.678,1.6087,1.5209,1.4019,1.278,1.1756,1.0904,1.0347,1.0097,1.0025,1.0014,0.99298,0.96561,0.94377,0.92279,0.88504,0.8444,0.82592,0.80467,0.79045,0.79853,0.81648
3,0.13075,0.042995,0.73031,7.2762,8.7167,6.9465,13.591,19.663,21.233,17.553,12.382,9.2543,8.7899,9.6741,10.481,10.681,10.327,9.4288,8.157,7.1913,6.2785,5.3333,4.5616,3.7967,3.1555,2.6119,2.1732,1.828,1.6879,1.3227,1.1191,0.93317,0.88826,0.77636,0.67037,0.55311,0.45318,0.38471,0.39295,0.48153
1,2.9359,1.5047,26.985,182.25,107.86,29.748,45.735,105.5,185.33,233.56,223.41,178.23,131.77,103.05,82.976,68.903,60.443,52.621,47.314,44.765,41.555,36.721,34.278,27.702,24.244,21.293,18.864,16.186,14.819,12.913,11.318,10.149,10.686,10.545,16.215,13.823,10.752,10.622,11.214,12.651
3,0.011983,0.0022353,0.0063891,0.095019,0.69159,2.6692,6.5617,10.523,12.291,10.931,8.1251,5.8106,4.8309,4.8956,5.1769,5.312,5.1948,4.8099,4.1651,3.6111,3.0709,2.5366,2.0844,1.7479,1.4506,1.2045,1.0033,0.8387,0.70446,0.61499,0.52988,0.44961,0.43951,0.3954,0.32122,0.28851,0.25959,0.2338,0.22403,0.20315
4,1.3089,1.3708,18.62,28.686,30.028,87.471,242.79,378,360.09,239.95,132.69,70.283,44.177,34.174,27.321,22.823,20.14,17.983,15.64,14.226,12.632,10.773,9.6769,8.704,8.2592,8.0892,7.8897,8.0585,8.7081,8.8651,8.4547,7.59,8.9198,9.5623,8.1509,8.5799,8.2471,7.5591,8.0373,7.8451
3,0.22821,0.054976,2.1158,13.09,6.7687,7.1421,17.954,30.476,35.358,28.967,19.851,15.482,16.643,20.374,23.358,23.687,21.458,17.265,12.435,9.0243,6.6276,5.0179,4.1188,3.5227,3.1913,2.9344,2.6953,2.5059,2.3892,2.3035,2.2426,2.1488,2.3102,2.3537,2.8919,2.7497,2.2485,2.1232,2.0709,2.0032
3,0.23086,0.073978,1.9916,13.536,8.2848,6.9008,17.365,29.132,33.873,27.193,17.034,11.088,10.258,12.01,14,15.251,15.73,14.91,13.124,11.349,9.4586,7.5533,6.1409,4.8729,4.0001,3.3592,2.8532,2.4564,2.2279,1.9544,1.7793,1.5618,1.5892,1.4936,1.7872,1.4267,1.1186,1.0108,1.0036,1.0536
1,2.7527,0.91251,28.333,166.57,92.734,32.214,46.653,85.397,119.85,115.97,85.536,59.465,48.027,44.891,41.33,36.357,32.911,27.442,23.849,22.638,22.148,21.659,23.166,21.165,21.002,20.508,19.754,18.899,19.178,18.258,17.913,17.882,19.345,20.412,27.755,24.087,22.579,22.835,23.704,25.321
1,3.6557,1.3319,40.96,217.92,108.52,33.583,45.74,59.722,63.83,56.111,43.389,32.326,25.427,21.647,18.666,16.429,17.102,14.631,13.435,13.21,13.051,12.717,14.384,12.295,12.458,12.476,11.956,11.734,11.854,10.477,9.3503,8.5165,8.5736,8.5681,18.274,14.183,8.4572,7.3315,7.7966,9.1335
2,0.01176,0.021996,0.11021,0.45938,0.46569,0.81735,1.3441,1.3746,1.1345,0.97759,0.8452,0.64807,0.46617,0.37057,0.33404,0.33658,0.36483,0.39231,0.41462,0.44531,0.4833,0.5277,0.588,0.65862,0.73884,0.81679,0.88644,0.95728,1.023,1.0821,1.1212,1.1754,1.2304,1.2814,1.3334,1.3847,1.415,1.4499,1.5012,1.5548
2,0.010184,0.0094057,0.15576,0.25592,0.30091,0.4552,1.1466,1.907,2.1824,2.0157,1.7137,1.3231,0.88582,0.55836,0.35563,0.2663,0.22361,0.19415,0.16689,0.15558,0.14645,0.13632,0.1336,0.12333,0.11615,0.10689,0.096048,0.08987,0.079581,0.071686,0.062196,0.053977,0.058487,0.060037,0.052517,0.05484,0.054236,0.044993,0.048882,0.044651
4,2.5396e-05,8.7081e-05,0.00023476,0.00069589,0.00086046,0.0010969,0.0020407,0.003841,0.0058066,0.0073503,0.0085118,0.0088952,0.0082205,0.0072493,0.0069108,0.0078904,0.010492,0.014741,0.020783,0.02871,0.037871,0.046538,0.053372,0.056756,0.056006,0.051049,0.043465,0.034591,0.026133,0.018921,0.013113,0.010353,0.0084797,0.0071462,0.0065854,0.0064289,0.006331,0.0062858,0.0063071,0.0063018
4,0.010114,0.013536,0.13217,0.27866,0.25934,0.48037,1.2552,2.1101,2.4207,2.2554,1.9868,1.7235,1.5146,1.4162,1.3792,1.4029,1.4984,1.6348,1.7526,1.8638,1.8944,1.8265,1.7104,1.5945,1.4949,1.4305,1.4012,1.3875,1.3704,1.3373,1.2668,1.2117,1.1524,1.0918,1.0295,1.009,1.0003,1.0061,1.0463,1.1027
2,0.0068993,0.0097311,0.053176,0.1424,0.24973,0.58653,1.849,3.5724,4.4184,3.94,3.0179,2.228,1.5999,1.1344,0.77529,0.55416,0.41167,0.3134,0.23504,0.19586,0.17732,0.15918,0.15241,0.1476,0.14352,0.13673,0.12878,0.11969,0.11108,0.107,0.10036,0.083747,0.09406,0.09053,0.073412,0.069966,0.066671,0.060607,0.060974,0.054729
3,0.26538,0.080033,2.1288,13.822,9.7164,17.819,37.411,49.699,48.136,31.757,15.822,8.5688,7.8405,9.5193,11.43,12.783,13.58,13.244,12.156,11.058,9.8011,8.36,7.2245,6.1457,5.446,5.0131,4.6905,4.5103,4.3732,4.1987,3.9162,3.4987,3.267,2.9354,2.9098,2.1689,1.5623,1.221,1.0756,0.94625
3,0.32288,0.087464,3.2691,17.546,8.3155,12.506,28.074,42.512,48.343,37.596,21.978,14.245,14.788,18.858,22.851,24.909,24.92,22.503,18.409,14.612,11.021,7.8262,5.5244,3.921,2.9219,2.3256,1.9129,1.6481,1.4797,1.3308,1.277,1.0104,1.1498,1.0362,1.5366,1.4238,0.74753,0.61347,0.62006,0.65281
3,0.13655,0.041695,1.5232,6.2491,2.3915,6.0661,16.877,30.061,38.035,33.239,22.18,14.887,13.766,15.684,16.987,16.321,14.013,10.868,7.5891,5.4275,3.9968,3.0134,2.4486,2.1743,2.0339,1.946,1.8748,1.8163,1.7587,1.6776,1.6306,1.4409,1.5013,1.424,1.3655,1.4325,1.1595,1.0828,1.0838,1.0939
3,0.086336,0.035114,0.56691,4.4915,4.1492,6.1311,12.695,15.503,14.863,11.947,8.7901,7.1952,7.6209,9.4384,11.707,13.588,14.718,14.553,13.11,11.344,9.2147,7.0051,5.1867,3.7689,2.7583,2.1059,1.6669,1.3565,1.1617,0.97981,0.83705,0.73503,0.71539,0.68249,0.64271,0.55197,0.49202,0.44464,0.43612,0.45489
3,4.028,5.8267,26.142,82.554,124.86,373.52,1110.3,2249.4,3114.3,3169.3,2895.8,2679.2,2454.1,2139,1689.4,1255.2,912.76,682.46,507.85,415.01,355.5,310.91,284.66,274.01,270.02,267.36,267.47,267.83,270.32,273.11,278.05,277.82,293.92,301.89,296.71,304.75,309.64,313.56,321.56,326.64
2,0.018183,0.0077589,0.28414,0.3834,0.54645,1.5418,3.3828,3.9182,2.7514,1.5638,0.97365,0.63408,0.41807,0.28784,0.20592,0.16237,0.13962,0.12189,0.10613,0.10375,0.099303,0.098609,0.10708,0.1003,0.10231,0.10304,0.094264,0.098908,0.086734,0.085901,0.067001,0.055846,0.060035,0.063088,0.05456,0.064649,0.072023,0.042587,0.048023,0.044351
1,1.2718,0.61769,12.321,75.216,45.672,22.371,44.566,73.104,89.833,85.932,68.331,49.08,34.374,24.751,17.456,13.028,11.418,9.8617,9.4322,9.842,10.401,10.703,11.923,11.569,12.375,13.322,14.325,15.531,17.412,18.509,19.572,20.5,21.843,22.491,25.587,23.523,21.853,20.853,20.14,19.579
2,0.063153,0.060418,0.77502,3.288,1.7792,0.35537,0.33214,0.47869,0.58172,0.69143,0.82837,0.92132,0.89905,0.76307,0.55969,0.3619,0.23739,0.14443,0.092443,0.078828,0.070614,0.066183,0.08216,0.065043,0.063721,0.059468,0.059085,0.050308,0.07621,0.036719,0.030619,0.020229,0.030893,0.040719,0.075599,0.12652,0.041743,0.032375,0.03751,0.071351
1,2.8763,1.0817,25.842,176.27,126.23,37.942,58.022,113.54,172.79,196.1,175.11,133.38,94.571,69.964,54.124,46.977,46.483,44.633,42.704,41.617,40.384,38.837,40.348,38.336,38.389,37.606,36.199,34.27,33.764,30.817,28.926,28.072,28.526,28.676,33.971,30.339,28.967,28.626,29.279,30.989
1,2.9875,0.94903,28.163,188.02,110.37,33.484,61.209,110.01,142.16,141.85,117.66,84.13,55.729,39.097,28.873,23.808,23.609,21.687,21.191,21.614,21.81,21.376,23.423,21.347,22.138,23.096,24.096,25.136,27.238,27.925,28.405,29.111,30.684,31.848,38.632,36.309,32.079,30.88,30.346,30.074
4,4.8099e-05,9.8234e-05,0.00056693,0.0013119,0.0013283,0.002306,0.0051388,0.0088057,0.011342,0.012344,0.013181,0.014194,0.015014,0.015972,0.017938,0.021642,0.027826,0.036201,0.046416,0.05854,0.070983,0.081281,0.088276,0.090664,0.08795,0.080534,0.070429,0.05899,0.047906,0.037916,0.029017,0.023876,0.019406,0.015558,0.012809,0.010927,0.0093555,0.0081371,0.0074068,0.0069065
4,0.00016197,0.0001626,0.0012972,0.0040911,0.0062098,0.015301,0.038768,0.06334,0.078072,0.081601,0.079264,0.077375,0.080872,0.090813,0.10352,0.11526,0.12435,0.12769,0.12403,0.12071,0.11693,0.11301,0.10981,0.10672,0.1011,0.092788,0.083047,0.072736,0.063214,0.05497,0.047498,0.043472,0.03982,0.035942,0.032177,0.029109,0.025815,0.022574,0.020056,0.017767
1,3.3431,1.0733,32.61,204.32,127.7,45.238,77.981,120.61,125.55,91.674,58.785,39.888,29.446,22.863,18.046,15.483,16.654,15.675,16.168,17.589,18.747,19.107,21.192,18.482,17.741,16.636,15.262,13.953,14.314,12.268,11.126,10.531,11.014,11.626,18.013,15.653,11.923,11.373,12.044,13.918
3,0.21452,0.14407,0.98976,11.601,18.001,10.475,18.271,28.78,30.682,22.288,13.16,8.0448,6.7641,7.779,9.8479,12.339,15.008,17.014,17.855,17.986,17.049,15.225,13.251,11.317,9.4879,7.9032,6.5743,5.4485,4.6737,3.6591,2.9071,2.399,2.1469,1.9076,1.5597,1.3898,1.2573,1.1368,1.1355,1.1947
2,0.0094611,0.03609,0.14668,0.060677,0.065229,0.14338,0.2151,0.18559,0.16133,0.14844,0.12072,0.084514,0.057183,0.045577,0.043943,0.045961,0.054775,0.063458,0.076976,0.088437,0.10262,0.1135,0.12062,0.12517,0.11289,0.099769,0.089071,0.07152,0.054177,0.042069,0.031227,0.026644,0.025907,0.025884,0.025191,0.026536,0.035393,0.042767,0.032555,0.024934
1,3.2132,0.83287,27.229,208.56,155.26,29.204,29.743,61.834,94.606,106.56,96.61,75.014,55.046,43.789,35.818,29.349,25.672,20.204,16.897,15.845,15.653,15.708,19.515,17.92,20.049,22.097,24.286,25.966,29.437,28.287,27.761,26.97,26.121,24.928,26.778,22.114,18.407,16.302,15.77,17.175
1,3.783,1.4332,43.005,223.76,96.575,36.802,65.517,108.55,135.33,127.2,99.069,72.173,55.39,46.975,40.781,36.521,36.71,34.664,34.07,34.526,34.342,33.106,33.371,30.11,28.91,27.846,26.721,26.033,26.478,26.081,25.839,25.733,26.852,27.197,37.145,31.858,25.24,23.506,22.949,23.545
1,2.861,1.1696,26.575,175.9,115.95,41.486,67.1,98.947,100.65,84.856,70.385,57.447,47.804,42.045,36.914,32.059,29.423,24.958,22.308,21.899,21.988,22.09,24.604,22.154,21.692,20.565,18.985,16.97,16.436,14.457,12.623,11.811,11.918,12.308,15.854,14.091,11.156,10.357,10.505,11.515
3,0.33552,0.057141,2.7637,20.623,12.334,10.384,22.382,34.993,40.429,33.891,23.292,17.33,17.757,22.255,28.029,32.833,35.598,34.4,29.884,24.858,19.695,15.083,11.785,9.2959,7.5562,6.2675,5.208,4.3347,3.6557,3.0519,2.5069,2.064,1.9226,1.6661,2.5893,1.5384,1.1004,0.96659,0.9522,0.97219
3,0.17747,0.053205,1.192,9.6087,8.1955,10.16,23.591,36.229,38.76,30.462,21.073,15.168,12.603,12.238,12.52,12.653,12.28,11.109,9.5391,8.4312,7.5627,6.7557,6.2757,5.6615,5.272,4.9452,4.7063,4.5625,4.6104,4.728,4.9007,5.2091,5.7905,6.3893,6.9016,7.3151,7.5967,7.8469,8.0884,8.1918
4,0.60758,0.69026,10.924,13.816,8.2937,20.327,52.892,81.059,77.056,51.982,33.617,25.152,20.386,16.049,11.691,8.5274,6.6776,5.56,4.7438,4.4708,4.106,3.7107,3.4752,3.0503,2.7868,2.5749,2.363,2.3654,2.3932,2.1649,1.9878,1.759,2.0111,2.3635,1.9963,2.248,2.0599,1.7847,1.9715,1.9519
2,0.00099785,0.0014056,0.0091558,0.033573,0.052619,0.071164,0.11209,0.15772,0.17394,0.17319,0.18363,0.19255,0.18644,0.17027,0.14799,0.12553,0.10528,0.089186,0.077312,0.075446,0.078268,0.082809,0.08697,0.088922,0.087486,0.082221,0.074384,0.065259,0.05611,0.04783,0.039259,0.034049,0.030205,0.026855,0.023965,0.021702,0.019445,0.017777,0.016931,0.016024
2,0.0079999,0.015397,0.07125,0.3015,0.34731,0.59404,0.94427,1.0384,0.97636,0.92457,0.85031,0.69779,0.53008,0.41603,0.34774,0.32617,0.34007,0.3658,0.3913,0.42263,0.44525,0.45146,0.44661,0.43234,0.40931,0.38216,0.35224,0.32507,0.29991,0.27712,0.24749,0.22812,0.21098,0.19133,0.17765,0.16008,0.13603,0.12,0.11206,0.10859
1,3.8917,1.0704,43.496,232.54,119.65,33.176,42.88,76.219,105.57,109.37,91.277,65.563,45.63,35.663,30.304,27.95,29.683,28.617,28.252,28.577,28.09,26.849,27.928,24.299,23.622,23.06,22.723,22.068,23.085,21.287,19.639,18.32,17.769,17.12,21.523,22.352,15.34,14.28,14.935,16.975
3,0.21839,0.065419,1.9902,11.59,7.0584,9.5863,23.339,36.105,40.607,33.091,21.764,14.734,13.433,15.521,18.187,19.913,20.318,18.853,15.981,13.219,10.504,8.0114,6.2391,4.8744,3.9915,3.3992,2.9385,2.5743,2.2654,1.97,1.7148,1.4116,1.379,1.2358,1.4317,1.0742,0.78674,0.64404,0.63004,0.63011
2,0.0026324,0.003198,0.0275,0.10788,0.10268,0.12259,0.20012,0.26174,0.27421,0.25868,0.23383,0.19876,0.16572,0.14514,0.13063,0.12079,0.11504,0.11063,0.10762,0.11118,0.11717,0.12249,0.1266,0.12736,0.12427,0.11727,0.10809,0.097997,0.088541,0.079195,0.069189,0.063023,0.0585,0.053739,0.050691,0.04669,0.040888,0.037002,0.034807,0.03301
3,0.53732,0.15693,3.9059,26.459,16.364,37.648,106.92,170.06,161.12,98.397,50.626,30.515,27.285,30.87,35.865,39.889,42.478,42.154,39.821,38.113,36.968,36.207,36.923,38.496,41.2,44.193,47.14,50.078,52.543,54.633,55.186,55.962,56.872,57.723,58.056,58.046,57.257,57.243,58.082,58.56
1,2.7168,1.14,22.541,171.02,130.74,42.158,57.619,92.674,117.65,111.67,82.453,53.795,38.846,34.332,32.123,31.091,32.758,32.207,31.837,31.843,30.944,28.634,28.474,23.465,21.164,19.19,18.001,17.348,19.194,18.564,19.003,19.815,21.329,22.245,25.673,23.494,21.154,19.888,19.608,20.864
4,0.00074429,0.0008428,0.008174,0.022043,0.019181,0.041386,0.10677,0.19795,0.2799,0.30612,0.28741,0.27007,0.28273,0.3307,0.39523,0.45001,0.47988,0.47314,0.43217,0.39302,0.35494,0.32144,0.29595,0.27817,0.2586,0.23658,0.21439,0.19377,0.17825,0.16875,0.16399,0.1688,0.17672,0.1823,0.18571,0.18904,0.18754,0.18233,0.17694,0.17019
4,4.0334e-05,0.00012095,0.00041452,0.0012355,0.0011387,0.0012674,0.0032437,0.006345,0.0084087,0.0093177,0.0099525,0.0098584,0.0087565,0.007332,0.0064331,0.0069027,0.0090875,0.012967,0.018602,0.026007,0.034649,0.042992,0.049849,0.053621,0.053612,0.049538,0.042779,0.034526,0.026435,0.019352,0.013515,0.010637,0.0086692,0.0073215,0.0067609,0.0066794,0.0066571,0.0067295,0.0068752,0.0070034
1,3.3375,1.4448,30.514,212.29,128.07,29.2,43.164,93.757,155.27,187.54,177.66,143.84,109.19,85.519,66.664,53.613,47.142,39.542,34.411,31.789,29.611,27.423,29.219,25.495,25.727,26.052,26.131,25.54,26.004,24.04,21.922,20.128,18.955,17.789,22.923,16.636,13.77,12.679,12.857,14.379
3,0.17071,0.26019,0.59827,6.7762,11.374,14.971,35.683,53.815,55.008,42.514,28.46,19.637,17.441,19.214,21.797,24.17,26.471,28.088,28.263,27.754,25.857,22.671,19.249,16.197,13.506,11.545,10.273,9.5755,9.4118,9.4068,9.5592,9.9807,10.779,11.383,11.664,12.083,12.289,12.296,12.322,12.113
1,3.0259,1.117,35.052,167.22,100.81,41.095,63.827,100.64,123.29,109.46,75.85,46.502,30.728,25.316,22.753,21.227,22.126,21.188,21.407,22.659,23.763,24.556,27.328,26.994,28.718,29.952,30.416,30.292,30.437,27.162,24.338,21.699,20.002,18.291,21.873,18.231,15.031,14.054,14.855,17.12
4,0.014876,0.011289,0.098787,0.38999,0.42443,1.4178,3.5261,6.3199,10.844,15.499,16.602,13.051,7.3886,3.3392,1.2436,0.59911,0.44523,0.39998,0.3501,0.30694,0.27807,0.22428,0.19287,0.16717,0.15082,0.13461,0.12085,0.1044,0.094542,0.089453,0.094248,0.077512,0.1004,0.092081,0.10041,0.092234,0.0895,0.083753,0.084235,0.087312
2,0.0053768,0.00085564,0.051868,0.32582,0.19631,0.089204,0.19546,0.33502,0.41667,0.42447,0.4163,0.42048,0.44622,0.48508,0.51158,0.51901,0.52394,0.5267,0.53507,0.56954,0.61345,0.65664,0.70538,0.74622,0.79174,0.83131,0.87023,0.90831,0.94403,0.96576,0.96964,0.98144,0.98088,0.97395,0.96782,0.95951,0.95022,0.94612,0.95761,0.97256
4,4.7942e-05,9.7073e-05,0.0005232,0.0012843,0.0014985,0.0026288,0.0059629,0.010247,0.012952,0.013789,0.01471,0.015899,0.016678,0.017585,0.019852,0.02425,0.031216,0.039913,0.049613,0.060481,0.071042,0.079266,0.084415,0.085558,0.08222,0.074845,0.065172,0.054299,0.043725,0.034157,0.025687,0.020887,0.016985,0.013854,0.011892,0.010803,0.010008,0.0094939,0.0093705,0.0094396
2,0.026026,0.01812,0.31812,0.69029,0.89362,1.9954,4.8923,7.0004,6.2596,4.0897,2.3531,1.235,0.62443,0.35446,0.22304,0.16729,0.14557,0.12707,0.1136,0.11397,0.11795,0.11358,0.11912,0.11095,0.1056,0.099866,0.085566,0.079294,0.070757,0.079848,0.057362,0.03963,0.055846,0.073226,0.04722,0.046706,0.042257,0.030578,0.038767,0.035938
4,0.008232,0.011628,0.10468,0.21723,0.19104,0.40765,1.105,1.9684,2.4997,2.4786,2.1267,1.8028,1.676,1.6991,1.709,1.6717,1.6293,1.6073,1.5868,1.6219,1.6377,1.6009,1.5326,1.456,1.3766,1.311,1.2696,1.2431,1.2198,1.186,1.1253,1.0765,1.0278,0.97213,0.92572,0.91987,0.92814,0.9564,1.0184,1.0969
4,0.0093512,0.013287,0.12628,0.26222,0.19692,0.39932,1.0478,1.7757,2.1725,2.1794,1.9538,1.7259,1.6583,1.7219,1.7627,1.7526,1.7506,1.7783,1.8018,1.8645,1.8859,1.8395,1.7566,1.6692,1.5823,1.5127,1.4696,1.4409,1.4158,1.3787,1.3101,1.2596,1.2032,1.1404,1.0841,1.0722,1.0757,1.1044,1.1758,1.2721
4,0.00051471,0.00045869,0.0054243,0.014417,0.014519,0.032709,0.08143,0.14494,0.20797,0.2578,0.29552,0.32299,0.34041,0.36156,0.39513,0.43646,0.47126,0.47876,0.45062,0.41502,0.36999,0.32319,0.28368,0.25517,0.22766,0.20017,0.17276,0.14568,0.12216,0.10362,0.089411,0.084619,0.082974,0.0814,0.080684,0.080997,0.080337,0.07894,0.0782,0.077466
1,3.1251,1.4027,27.613,186.38,143.22,58.573,96.498,163.83,202.77,190.69,149.17,108.87,84.514,72.873,62.421,52.71,46.58,40.202,35.932,34.414,32.947,30.725,31.088,27.767,27.675,28.11,29.208,30.751,34.47,35.776,37.59,39.603,43.148,45.645,52.337,50.464,49.81,50.041,51.289,53.535
2,0.010185,0.018405,0.080699,0.33259,0.78582,1.0206,0.81599,1.0155,1.5185,1.7621,1.6221,1.2835,0.9215,0.64776,0.44997,0.34758,0.31792,0.33376,0.36547,0.4191,0.47254,0.51719,0.54873,0.56657,0.57036,0.54935,0.5191,0.47714,0.43354,0.38935,0.33352,0.29322,0.26562,0.23625,0.20639,0.18651,0.16723,0.15194,0.1448,0.14148
2,0.010165,0.0064126,0.19625,0.22556,0.18448,0.2426,0.62981,1.212,1.6993,1.8673,1.6428,1.1826,0.73418,0.4591,0.30739,0.24678,0.21849,0.19522,0.16949,0.15808,0.15212,0.14688,0.15213,0.14536,0.14453,0.13885,0.13229,0.13416,0.12121,0.11465,0.10909,0.10518,0.11171,0.11261,0.10849,0.11261,0.11724,0.099873,0.10173,0.092664
2,0.0032162,0.0025953,0.036793,0.082754,0.1072,0.22646,0.57386,0.98377,1.2393,1.2051,1.0071,0.78497,0.59527,0.48617,0.43864,0.43493,0.4387,0.42281,0.37935,0.33844,0.29826,0.2593,0.22927,0.20552,0.18378,0.16348,0.14528,0.12979,0.11788,0.10962,0.104,0.10083,0.10566,0.1069,0.10417,0.1052,0.10513,0.10376,0.10482,0.10534
1,3.3342,1.2374,38.796,185.87,114.11,43.29,61.22,79.181,76.435,57.671,40.369,29.466,24.746,23.779,23.562,23.598,25.886,24.571,23.943,23.763,22.123,19.896,20.154,15.29,13.803,12.853,12.303,12.224,13.746,13.81,14.354,15.739,18.112,20.781,28.737,26.819,27.094,27.813,29.835,32.188
3,0.32979,0.082273,2.4181,16.34,11.023,23.78,59.086,90.218,100.63,80.024,48.663,29.809,26.688,31.35,36.1,37.498,35.159,29.45,22.161,16.548,12.186,8.6759,6.3094,4.5699,3.4288,2.694,2.1268,1.7907,1.5866,1.521,1.5562,1.2218,1.5645,1.4771,2.0703,1.5088,1.0457,0.91316,0.91565,0.88226
2,0.030863,0.0053329,0.33338,1.8366,1.0252,0.37882,0.68033,1.0436,1.3252,1.4965,1.6493,1.8335,2.0583,2.2815,2.4167,2.4401,2.4225,2.349,2.2621,2.2794,2.3269,2.3738,2.4493,2.4846,2.5401,2.5737,2.5955,2.5948,2.5832,2.5086,2.3914,2.3169,2.2242,2.1362,2.0892,2.0214,1.9726,1.952,1.9774,2.028
2,0.017111,0.014947,0.37157,0.23523,0.23151,0.41235,1.078,1.8343,2.0416,1.774,1.3884,0.97103,0.61071,0.39394,0.26522,0.20331,0.17155,0.15038,0.12999,0.12231,0.11808,0.11128,0.11732,0.10526,0.10333,0.096652,0.087229,0.090419,0.074475,0.070826,0.062692,0.05714,0.0637,0.074456,0.063087,0.067583,0.069478,0.063906,0.079504,0.065942
1,4.0015,0.99147,41.563,251.1,131.73,29.135,39.346,68.659,86.474,80.586,62.474,44.023,32.418,28.407,27.231,26.972,29.389,27.178,25.669,24.967,23.884,22.575,24.145,20.819,20.625,20.457,20.172,19.976,21.513,21.047,20.939,21.498,22.95,24.304,34.655,31.38,25.432,24.45,24.705,25.823
4,8.1837e-05,0.00019084,0.0011996,0.0019808,0.0013694,0.0026488,0.0062016,0.0099992,0.012044,0.012176,0.012028,0.012421,0.012878,0.012973,0.013057,0.014061,0.016964,0.02212,0.029733,0.040013,0.051965,0.063344,0.07256,0.077686,0.078058,0.073545,0.066184,0.057646,0.049807,0.043437,0.03838,0.036757,0.0356,0.034393,0.033206,0.032226,0.030698,0.028858,0.027294,0.025693
4,0.028103,0.020733,0.37785,1.3395,0.84265,0.35523,0.59209,1.0535,1.1953,0.88106,0.4857,0.23428,0.13497,0.11635,0.12395,0.1392,0.1729,0.2015,0.23687,0.28399,0.32975,0.37178,0.42136,0.45177,0.49241,0.52505,0.55685,0.5912,0.63742,0.66206,0.69603,0.73882,0.80065,0.86629,0.92394,0.98273,1.0162,1.0478,1.0896,1.1346
3,2.4456,15.687,16.276,38.68,41.856,126.73,400.21,829.34,1189.1,1201.9,927.82,611.92,381.42,249,159.86,108.63,77.052,55.69,38.653,29.884,25.737,20.967,19.381,19.48,18.812,19.164,19.2,18.062,18.592,17.696,18.631,14.911,18.537,16.948,14.405,14.233,13.369,14.049,14.869,14.617
4,0.0003158,0.000968,0.004663,0.007709,0.0040658,0.0055935,0.014614,0.028824,0.042641,0.048966,0.048181,0.042881,0.034771,0.027482,0.022429,0.020989,0.02268,0.026645,0.032828,0.042078,0.053713,0.06574,0.076876,0.084888,0.089191,0.088804,0.085171,0.079328,0.072689,0.065693,0.058584,0.054301,0.050015,0.045793,0.041955,0.039089,0.036206,0.033617,0.031948,0.030697
1,1.5363,1.0332,15.377,89.528,54.479,20.419,33.893,58.845,76.648,78.515,69.53,56.356,44.486,36.92,31.858,29.653,30.541,30.729,30.578,30.437,29.371,27.52,26.826,24.966,24.841,25.393,26.512,28.08,30.602,32.194,33.644,35.19,36.806,37.689,40.025,38.049,35.589,33.696,32.164,30.887
3,0.76477,0.20841,8.7033,39.676,19.852,28.947,58.551,73.876,70.758,49.376,27.858,17.822,18.332,23.54,28.736,31.382,31.544,28.404,23.381,18.896,14.628,10.896,8.3151,6.2138,4.929,4.1043,3.401,2.9868,2.7386,2.3924,2.1403,1.8165,1.9346,1.9889,3.3268,3.1245,1.5518,1.1573,1.1503,1.2087
2,0.014089,0.0019852,0.1306,0.89896,0.55416,0.17408,0.30222,0.51569,0.6565,0.65737,0.61473,0.5914,0.5923,0.60324,0.6067,0.6196,0.67508,0.74522,0.8315,0.93807,1.0386,1.1184,1.2024,1.2597,1.3339,1.4019,1.4705,1.5377,1.6054,1.6523,1.6791,1.7311,1.7759,1.8176,1.8713,1.9129,1.9464,1.9895,2.0581,2.1323
1,2.5228,1.4621,22.993,149.93,105.66,39.074,64.342,130.26,194.52,213.32,184.25,142.14,110.83,90.553,70.821,54.701,45.08,38.222,34.205,33.1,32.026,29.923,29.577,26.504,25.884,25.818,26.48,27.502,29.996,30.296,30.439,30.146,30.386,29.299,31.416,27.423,23.027,20.545,19.206,19.228
2,0.91185,0.49114,12.871,35.452,25.726,32.188,67.587,95.136,84.397,47.669,23.056,15.413,15.494,16.188,15.143,12.614,10.028,7.7018,5.7069,4.6167,3.6295,2.8197,2.2738,1.6967,1.3911,1.2044,1.0501,0.97925,1.2267,0.97645,0.77735,0.48792,0.78858,1.4675,0.74599,1.0066,0.71052,0.46522,0.602,1.1254
1,2.95,1.1142,32.654,162.5,102.86,45.187,96.681,175.64,203.65,154.25,93.207,57.571,42.889,38.308,36.918,37.183,39.581,39.077,38.331,37.945,36.16,32.944,32.005,27.142,25.619,24.885,25.066,25.603,27.822,27.736,28.15,28.082,29.045,29.163,30.366,27.85,23.763,21.142,20.095,20.32
2,0.0025331,0.0037816,0.01879,0.030926,0.073945,0.26388,0.82576,1.5676,2.0193,1.9545,1.5424,1.0799,0.73022,0.51435,0.3594,0.26497,0.20449,0.16544,0.13663,0.12627,0.12557,0.12288,0.12382,0.12443,0.12202,0.11595,0.10798,0.098577,0.088967,0.082703,0.074812,0.06497,0.06733,0.06114,0.053292,0.050187,0.047287,0.043509,0.042182,0.038462
3,4.37,6.7291,35.721,189.6,220.32,177.53,363.21,673.7,895.74,876.01,724.1,573.26,467,394.66,316.13,240.29,174.99,123.88,82.994,61.221,46.953,36.647,31.78,28.572,27.56,27.254,27.573,27.424,29.43,29.134,28.547,26.256,29.4,30.324,29.235,28.901,26.368,26.113,26.905,27.769
2,0.07336,0.076147,0.62469,1.4607,2.4565,8.5352,23.776,34.754,30.939,19.91,10.781,5.0028,2.1913,1.1529,0.71643,0.54834,0.47655,0.404,0.34456,0.31491,0.31878,0.2699,0.26553,0.25412,0.24496,0.25563,0.23245,0.24265,0.23494,0.34026,0.28919,0.22532,0.33454,0.38672,0.31201,0.30171,0.30104,0.27338,0.30641,0.26625
3,0.31863,0.080468,2.9424,19.272,10.358,6.7148,14.641,26.614,34.719,32.646,26.624,24.96,30.488,41.192,52.943,61.285,64.677,61.379,52.513,43.459,34.519,26.76,20.98,16.923,13.799,11.408,9.5225,8.0018,6.8554,5.8798,5.045,4.4767,4.1383,3.6798,4.2322,3.3463,2.5339,2.1862,2.0026,1.8911
1,2.9137,1.2569,28.233,178.54,115.46,33.279,45.111,73.273,98.684,111.92,108.15,92.256,74.243,59.713,46.428,36.784,32.637,28.61,27.155,28.357,30.103,31.421,34.749,32.475,32.279,31.441,30.373,28.974,29.138,26.911,24.635,22.967,21.523,19.858,21.422,17.811,13.636,11.699,11.217,12.258
4,0.016181,0.022151,0.19779,0.45032,0.40356,0.95581,2.4326,3.7656,3.901,3.3121,2.8492,2.5582,2.4183,2.443,2.5654,2.7452,2.9632,3.155,3.2792,3.458,3.6355,3.7812,3.9406,4.1153,4.2821,4.3877,4.4196,4.3448,4.1507,3.8426,3.4128,3.0624,2.697,2.3618,2.0584,1.8672,1.7079,1.5941,1.5521,1.5406
2,0.0053623,0.0052047,0.063997,0.10055,0.20052,0.38617,0.87112,1.5079,2.1982,2.9519,3.4163,3.1823,2.3537,1.5089,0.88316,0.56017,0.39693,0.3018,0.22304,0.1774,0.1471,0.12434,0.11061,0.10168,0.095185,0.088035,0.081151,0.0746,0.070034,0.068699,0.064268,0.061018,0.066378,0.067997,0.065334,0.063654,0.06312,0.059698,0.058742,0.05511
4,0.010449,0.014399,0.14017,0.27326,0.23235,0.53355,1.3646,2.1278,2.4374,2.4262,2.2171,1.954,1.7809,1.7197,1.6744,1.6524,1.6917,1.7845,1.8829,2.0151,2.0842,2.041,1.9054,1.7168,1.4928,1.286,1.1252,1.0113,0.94035,0.89958,0.86295,0.86397,0.88177,0.89436,0.91046,0.95358,0.99786,1.0467,1.1151,1.1889
3,0.60149,0.17297,7.3878,30.927,11.466,16.597,39.627,57.572,60.595,47.241,30.301,20.632,19.574,22.871,26.082,27.011,25.88,22.568,18.044,14.351,11.137,8.3609,6.3772,4.8192,3.709,2.9262,2.2873,1.8498,1.6028,1.3389,1.1759,0.84798,1.0321,1.0487,1.4532,1.8986,0.76486,0.51926,0.56454,0.7367
4,0.0077277,0.006532,0.13249,0.2819,0.17587,0.029806,0.0095842,0.013646,0.017074,0.018636,0.020433,0.021068,0.020173,0.019226,0.018456,0.017937,0.02127,0.023686,0.03003,0.04159,0.050906,0.062063,0.074406,0.077049,0.07822,0.07436,0.067556,0.058816,0.055695,0.042079,0.033988,0.030445,0.028999,0.028991,0.029692,0.028139,0.025428,0.023034,0.023953,0.026452
3,0.21596,0.04979,1.4405,9.3799,7.0218,16.717,49.938,88.852,102.23,79.548,49.444,31.613,25.461,24.754,25.002,25.304,25.269,23.96,21.13,18.245,15.244,12.251,10.153,8.7771,7.9951,7.552,7.2525,7.0211,6.7985,6.6138,6.384,5.9268,6.0376,5.9205,5.6376,5.2692,4.862,4.5773,4.4451,4.2462
2,0.0038179,0.0020839,0.057337,0.09166,0.1146,0.24929,0.59667,0.8496,0.82792,0.65496,0.47472,0.31546,0.19995,0.14053,0.11165,0.099984,0.093365,0.087183,0.081532,0.082642,0.086916,0.090709,0.096651,0.096317,0.094679,0.088584,0.078869,0.071022,0.058694,0.050964,0.042262,0.037022,0.037301,0.037792,0.034522,0.035908,0.038013,0.035349,0.038967,0.039083
2,0.0088843,0.02647,0.095367,0.20235,0.3199,0.46748,0.66524,0.7714,0.77197,0.81861,0.87359,0.81082,0.64845,0.49746,0.41146,0.41656,0.50318,0.63522,0.78247,0.92786,1.0306,1.061,1.023,0.93667,0.80146,0.6609,0.53064,0.41783,0.32319,0.25188,0.18558,0.15135,0.12841,0.1083,0.098845,0.090822,0.087217,0.084414,0.082992,0.082159
2,0.0035398,0.0026377,0.061899,0.059704,0.074072,0.15737,0.44878,0.8545,1.0776,1.0127,0.81907,0.59494,0.3875,0.24585,0.15555,0.11382,0.095917,0.087204,0.079919,0.07829,0.079019,0.077855,0.079921,0.078148,0.077095,0.073328,0.068177,0.064747,0.057241,0.052551,0.047529,0.042555,0.042962,0.043097,0.036404,0.035019,0.034194,0.03096,0.032922,0.02999
4,0.00011794,0.00014176,0.00093079,0.0028135,0.0044867,0.010491,0.026607,0.04548,0.058063,0.063687,0.067953,0.072964,0.078936,0.08625,0.093863,0.10118,0.1088,0.11544,0.12005,0.12763,0.13559,0.14169,0.14516,0.14455,0.13777,0.12528,0.10985,0.093441,0.078565,0.066213,0.055922,0.051283,0.047605,0.044052,0.040906,0.038418,0.035416,0.03215,0.029373,0.026581
2,0.0023509,0.0021303,0.039101,0.029931,0.051816,0.17444,0.43458,0.62137,0.5992,0.45591,0.33753,0.26273,0.20279,0.15186,0.1121,0.091117,0.082276,0.078874,0.076577,0.078539,0.081857,0.08357,0.085646,0.084569,0.081814,0.076445,0.068781,0.062006,0.053591,0.047839,0.041659,0.037398,0.037189,0.036599,0.032904,0.032821,0.033043,0.031447,0.032812,0.03171
4,0.0065815,0.0076247,0.10738,0.14372,0.072827,0.21781,0.70487,1.3263,1.5548,1.2863,1.0398,1.0885,1.3714,1.7257,1.9878,2.0354,1.8759,1.5761,1.2164,0.97655,0.8244,0.74363,0.7085,0.69779,0.67632,0.63817,0.59158,0.54406,0.50132,0.46733,0.43734,0.42366,0.41668,0.40311,0.37878,0.36566,0.34407,0.31917,0.30357,0.28719
4,0.009815,0.012824,0.12856,0.26324,0.26159,0.52696,1.3175,1.9926,2.0614,1.8497,1.6789,1.5234,1.4176,1.4435,1.5735,1.7613,1.9727,2.1336,2.1863,2.1903,2.0856,1.8787,1.6315,1.403,1.1926,1.0312,0.9175,0.83707,0.77905,0.73492,0.68307,0.65769,0.64238,0.62563,0.60882,0.6199,0.63947,0.66925,0.72445,0.79274
4,7.3312e-05,0.00014024,0.00085281,0.0021112,0.0024363,0.0035017,0.0073759,0.010897,0.012031,0.013154,0.015251,0.017066,0.017694,0.017363,0.016761,0.016882,0.018647,0.022505,0.028688,0.037662,0.048476,0.059102,0.067954,0.073003,0.073365,0.068689,0.060761,0.051128,0.041723,0.033512,0.026617,0.023382,0.021066,0.019322,0.018354,0.01792,0.017381,0.016772,0.016308,0.015753
3,0.10505,0.026974,0.78463,5.7226,5.2226,5.8492,11.429,13.767,13.659,11.513,8.4654,6.4414,6.1704,7.1,8.36,9.398,9.9953,9.7111,8.5719,7.2289,5.6994,4.1933,3.0858,2.1759,1.6054,1.2469,1.0124,0.8463,0.767,0.63554,0.54778,0.46434,0.46482,0.43125,0.41638,0.33308,0.28761,0.24832,0.2578,0.30977
3,0.19068,0.067439,1.3945,9.754,9.0995,12.836,25.363,31.983,31.783,24.945,16.094,10.216,9.0906,11.373,15.055,18.744,21.716,22.557,20.973,18.263,14.735,11.085,8.2496,6.084,4.5955,3.6004,2.9017,2.3852,2.0815,1.7494,1.4959,1.2837,1.2478,1.1685,1.1167,0.9246,0.76355,0.68022,0.67474,0.72573
3,0.31752,0.10524,1.6292,17.822,20.046,16.936,38.402,61.933,69.588,52.647,30.191,17.113,13.908,15.824,18.957,21.508,22.779,21.947,19.37,16.732,14.034,11.322,9.426,7.6707,6.4284,5.3918,4.5154,3.7135,3.3772,2.3806,1.9089,1.423,1.4026,1.3137,0.93644,0.81438,0.69809,0.62698,0.72904,1.0821
4,2.7037e-05,9.6181e-05,0.00024743,0.00076349,0.00091648,0.0011113,0.0020623,0.0039255,0.0060084,0.0075709,0.008512,0.0087303,0.0082905,0.0077855,0.0077513,0.0086297,0.010618,0.013656,0.017832,0.02341,0.029928,0.036189,0.041305,0.044108,0.044052,0.040923,0.03576,0.029436,0.023171,0.017585,0.012864,0.010419,0.0086018,0.0072494,0.006523,0.0061872,0.0059309,0.0057606,0.0057052,0.0056701
2,0.050374,0.031553,0.74724,1.1333,1.3509,3.4672,9.0957,12.813,11.249,7.7216,4.7586,2.5064,1.208,0.67207,0.42501,0.31457,0.25665,0.20789,0.17185,0.16708,0.17053,0.16,0.18081,0.15488,0.15321,0.14877,0.12954,0.14643,0.12051,0.14422,0.11007,0.080129,0.12008,0.13327,0.10827,0.12072,0.12965,0.097259,0.13279,0.11315
2,0.004998,0.006147,0.035527,0.08687,0.16234,0.4648,1.4995,2.9485,3.7671,3.5295,2.7786,1.9748,1.2827,0.8059,0.48397,0.31562,0.22443,0.17198,0.13634,0.12365,0.12322,0.11728,0.11718,0.11605,0.11212,0.10453,0.095586,0.084966,0.075327,0.070696,0.064956,0.051117,0.059656,0.056698,0.043657,0.041278,0.040461,0.037769,0.038733,0.036493
1,3.3411,0.90135,32.443,211.69,131.07,28.326,23.277,37.794,53.923,58.781,52.592,42.438,34.562,31.012,28.82,26.556,25.862,21.763,18.987,18.271,18.276,18.62,21.758,19.867,20.534,20.633,20.378,19.66,20.188,18.72,17.528,16.882,16.867,16.537,22.394,18.569,13.875,12.084,11.5,12.301
1,2.8814,1.171,28.132,181.01,103.04,24.644,31.977,58.178,83.997,91.492,81.098,64.923,51.719,43.304,35.924,29.976,27.409,23.255,20.99,20.412,19.916,19.031,20.391,17.091,16.25,15.369,14.564,13.839,14.599,14.295,14.3,14.75,16.043,16.987,23.662,20.738,17.595,16.859,17.085,18.147
1,2.9457,1.3293,27.516,177.54,126.34,36.539,54.47,110.74,165.1,171.45,132.44,86.434,56.411,43.397,36.231,31.573,29.811,26.851,25.259,25.323,25.48,24.859,26.817,24.301,24.452,24.42,24.678,24.758,26.568,25.735,25.675,25.314,26.236,26.016,28.256,26.273,23.375,22.009,21.848,22.955
1,2.8704,1.2491,25.546,168.67,134.8,57.744,85.066,150.72,211.39,220.97,186.7,140.83,100.92,72.899,52.668,42.029,39.029,36.847,35.929,36.351,35.648,33.135,32.346,26.989,24.223,21.657,19.837,18.188,18.607,17.175,16.373,15.917,17.332,18.051,21.619,21.209,20.044,20.565,22.114,25.015
3,0.01593,0.0081352,0.045751,0.61966,1.7579,1.5455,2.2374,3.3663,4.1718,4.293,3.9977,3.9421,4.5568,5.8203,7.3629,8.6839,9.5703,9.7514,9.1324,8.2931,7.1255,5.8227,4.6075,3.6659,2.8653,2.2652,1.8261,1.4896,1.2324,1.0617,0.86949,0.77241,0.71106,0.6339,0.57111,0.52964,0.50142,0.46743,0.44735,0.42916
3,0.16135,0.064853,1.6262,8.2345,5.2386,7.3395,15.748,19.644,18.285,13.701,9.1053,6.4477,6.1016,7.1826,8.5361,9.4438,9.7196,8.9844,7.5345,6.1286,4.769,3.5947,2.837,2.2019,1.8207,1.5613,1.3316,1.1657,1.0402,0.90446,0.77448,0.65964,0.64522,0.62551,0.8087,0.54267,0.39434,0.30913,0.30131,0.30847
2,0.0025739,0.0036453,0.020217,0.10901,0.1789,0.16881,0.152,0.22155,0.28556,0.27868,0.23819,0.1949,0.1569,0.13152,0.12045,0.12944,0.15925,0.19989,0.2419,0.28314,0.31266,0.3257,0.32476,0.312,0.28977,0.26142,0.23215,0.20334,0.17725,0.15392,0.12972,0.1149,0.1031,0.092043,0.085039,0.077796,0.07154,0.067949,0.067326,0.067778
4,3.5349e-05,0.00011417,0.00038404,0.00087058,0.0012768,0.001707,0.0025484,0.0040975,0.0062258,0.0083363,0.0097059,0.0099136,0.0093356,0.0090048,0.0095276,0.011216,0.01421,0.018205,0.02298,0.028669,0.034655,0.039901,0.043953,0.046148,0.046242,0.044148,0.04071,0.03648,0.032183,0.028134,0.02434,0.022373,0.020708,0.01946,0.018805,0.018907,0.019322,0.020055,0.021281,0.022722
4,0.00040524,0.0002245,0.0051909,0.015173,0.0081237,0.011773,0.032871,0.073053,0.11292,0.13509,0.14751,0.15927,0.17075,0.17755,0.17273,0.16118,0.15439,0.15894,0.17233,0.19612,0.2191,0.23301,0.23567,0.22739,0.20835,0.18252,0.15487,0.12733,0.10267,0.081541,0.063911,0.055484,0.050566,0.04838,0.049175,0.053607,0.058871,0.065291,0.072895,0.081137
4,0.00010922,0.00011814,0.001046,0.003938,0.0071278,0.0071925,0.0061527,0.0085316,0.013238,0.019887,0.027878,0.036239,0.043834,0.048999,0.050395,0.048755,0.046722,0.045968,0.046582,0.050654,0.056214,0.06171,0.066043,0.068095,0.066892,0.062255,0.055554,0.047791,0.040396,0.033951,0.028467,0.026091,0.024539,0.023612,0.023451,0.024165,0.025166,0.026457,0.028277,0.030283
3,0.20296,0.16987,1.2751,9.0794,6.3406,13.49,37.223,69.248,92.033,84.336,57.021,33.709,23.702,23.741,27.335,31.913,36.257,38.426,37.671,35.55,31.96,27.248,22.959,19.458,16.586,14.456,13.029,12.108,11.598,11.391,11.313,11.193,11.576,11.458,11.703,11.405,11.134,11.039,11.079,11.012
3,0.34233,0.13335,2.2663,21.195,17.198,12.108,23.155,33.418,36.54,30.485,22.141,18.286,20.214,25.567,31.719,36.81,40.419,40.7,37.548,33.145,27.461,21.48,16.806,12.831,10.021,7.9678,6.4256,5.1268,4.2511,3.4057,2.7211,2.2701,2.1148,1.8975,2.0437,1.5489,1.36,1.27,1.3316,1.502
3,0.13445,0.032295,0.78827,7.996,8.8082,5.1383,10.476,17.163,19.929,15.915,9.9461,6.2728,5.3685,6.0631,7.2092,8.2564,9.0253,9.1501,8.6585,8.0492,7.2065,6.1501,5.2591,4.3504,3.6343,3.0356,2.5584,2.1484,1.9538,1.4827,1.2194,0.99494,0.90635,0.7851,0.63255,0.51848,0.41831,0.34185,0.34734,0.46665
2,0.022356,0.0038562,0.22734,1.3156,0.79036,0.37257,0.75737,1.2761,1.6771,1.8949,2.0135,2.0747,2.1543,2.3373,2.6134,2.9549,3.3888,3.8254,4.2478,4.7526,5.2383,5.615,5.9036,6.0395,6.0665,5.9755,5.8656,5.7882,5.7964,5.8687,5.9778,6.2935,6.6439,6.9908,7.3301,7.6699,7.9471,8.1752,8.4374,8.665
3,0.55356,1.1709,4.1044,19.393,25.074,32.226,76.53,145.83,193.13,183.19,147.44,115.3,89.549,69.803,53.026,41.307,32.803,25.979,19.509,15.214,11.657,8.4778,6.2595,4.7591,3.65,2.9253,2.4542,2.0618,2.0738,1.996,1.9975,1.3792,2.0549,2.0653,1.651,1.62,1.2957,1.2401,1.3651,1.3944
4,0.00013804,0.00011808,0.0015523,0.0049446,0.0039435,0.0088158,0.017938,0.024866,0.028986,0.032528,0.034064,0.033174,0.03229,0.034018,0.038836,0.046251,0.056024,0.066694,0.077589,0.090379,0.1032,0.11322,0.11913,0.11924,0.11235,0.099373,0.083267,0.066188,0.050767,0.038165,0.028192,0.023711,0.020801,0.018535,0.017199,0.016475,0.015555,0.014496,0.013579,0.012648
4,0.00024341,0.00030164,0.0049159,0.0034324,0.0020346,0.0032552,0.011453,0.03335,0.065063,0.082239,0.071894,0.055505,0.056138,0.075099,0.098687,0.11344,0.11408,0.10191,0.083724,0.072561,0.067792,0.067295,0.068719,0.069586,0.068051,0.06356,0.057391,0.050601,0.0437,0.037942,0.033182,0.031148,0.02995,0.028759,0.028129,0.028109,0.027921,0.026993,0.026592,0.025731
2,0.011713,0.036144,0.12406,0.24131,0.41193,0.62144,0.98155,1.185,1.1736,1.2782,1.5222,1.6426,1.5299,1.2677,0.95145,0.70706,0.5681,0.50947,0.4863,0.49774,0.51748,0.53728,0.5585,0.58499,0.60296,0.61474,0.61905,0.61121,0.58995,0.5647,0.51588,0.48494,0.45734,0.43323,0.4158,0.40628,0.40153,0.40227,0.40493,0.40744
1,3.5595,0.95753,43.86,202.96,97.494,26.806,30.728,48.35,60.445,56.275,42.776,31.337,26.834,27.014,27.227,25.59,24.657,20.735,17.861,16.735,15.417,14.315,14.808,12.52,12.176,11.874,11.615,11.464,12.992,12.179,12.032,12.014,12.994,13.607,21.143,19.369,14.148,13.02,13.162,14.367
1,3.9052,1.7051,40.443,228.11,146.36,61.986,85.094,116.21,118.68,88.049,58.43,41.771,35.595,34.561,34.184,33.618,35.426,33.681,32.552,32.571,32.153,31.04,32.368,28.886,28.421,28.183,28.302,29.035,31.73,32.246,33.281,34.68,36.882,38.843,45.964,42.098,37.568,35.779,35.368,36.211
1,2.6659,0.95562,25.115,167.8,100,26.71,38.963,80.963,127.86,139.86,110.55,71.922,48.478,40.803,36.537,32.492,30.383,26.399,23.8,22.912,22.453,21.793,23.445,21.644,21.991,22.098,22.074,21.92,22.885,22.311,21.966,21.822,22.566,22.687,29.252,26.232,22.853,22.46,23.039,24.671
3,1.2604,5.9306,12.194,30.144,20.454,45.786,126.58,242.3,337.77,342.62,274.66,191.46,125.03,82.85,51.16,30.68,18.118,11.037,6.7586,5.1721,4.5111,3.519,3.1286,3.0117,2.7471,2.925,3.0479,2.556,3.0866,2.6783,3.0895,2.1998,3.3693,3.5318,2.7309,2.9608,2.6964,3.4303,3.4621,3.6363
2,0.0017525,0.0035418,0.013603,0.075629,0.13202,0.052126,0.020458,0.031679,0.060965,0.098957,0.12488,0.12366,0.10066,0.075685,0.055326,0.042682,0.03692,0.036631,0.040277,0.049433,0.059965,0.070904,0.079905,0.083926,0.081939,0.073901,0.062371,0.049044,0.036964,0.026807,0.017313,0.013095,0.011132,0.0092965,0.0092508,0.0090703,0.0090841,0.0088316,0.0091606,0.0097307
4,0.0071238,0.0041276,0.082639,0.17662,0.2451,0.71581,1.5474,1.9586,1.8808,1.6327,1.3489,1.0844,0.90734,0.82182,0.7524,0.67066,0.56708,0.45957,0.36087,0.31079,0.28134,0.25664,0.23333,0.21024,0.18607,0.1641,0.1445,0.13208,0.12619,0.12558,0.12451,0.12728,0.14113,0.15023,0.15078,0.15873,0.16429,0.16664,0.17469,0.18374
1,3.0096,1.2631,28.692,182.44,121.61,34.312,49.723,112.19,179.74,184.3,131.13,78.981,52.361,42.987,37.591,33.895,32.721,29.382,27.516,27.831,28.912,29.33,32.082,29.648,29.199,27.925,26.544,24.83,24.889,22.631,21.681,20.666,21.846,21.965,26.788,24.372,23.318,23.7,24.851,27.468
1,3.092,0.91866,29.512,193.26,112.08,32.391,52.171,112.39,186.86,211.68,167.27,103.44,61.783,45.381,37.68,34.492,35.634,34.893,35.899,38.492,41.391,43.066,47.36,45.962,46.989,46.889,46.105,44.054,42.708,39.21,35.981,33.733,33.075,32.031,36.424,34.875,31.708,31.347,32.148,33.994
2,0.012089,0.0082772,0.2275,0.25036,0.25802,0.38517,1.001,1.7419,2.039,1.8671,1.5001,1.0595,0.66945,0.44229,0.32449,0.27587,0.2459,0.21541,0.18151,0.16317,0.15029,0.13708,0.13671,0.12147,0.11605,0.10875,0.10187,0.10948,0.095752,0.095184,0.090514,0.086576,0.092934,0.097337,0.088398,0.088128,0.091173,0.075269,0.081337,0.067993
3,0.37703,0.15256,1.6481,14.985,22.675,53.116,105.73,116.96,95.899,59.805,31.138,17.893,16.292,20.017,24.888,28.736,30.995,30.646,27.739,24.157,19.857,15.237,11.56,8.7174,6.7886,5.6587,4.7699,4.2378,3.9574,3.4028,2.9461,2.4117,2.2681,2.2193,1.5684,1.2459,0.98642,0.78425,0.80297,0.91167
1,3.0619,0.88468,28.678,194.49,115,41.31,63.359,83.451,85.261,67.112,46.246,33.04,26.269,21.766,16.931,12.663,11.576,8.2345,7.1093,7.2414,7.6022,7.8298,10.861,8.1702,8.4941,8.743,8.8387,8.7809,9.8721,9.9146,9.8935,10.099,11.142,12.017,17.864,15.612,13.041,12.93,13.82,15.465
4,0.018838,0.032164,0.24091,0.44263,0.45931,1.0127,2.7208,4.5731,5.1223,4.4811,3.7156,3.1598,2.7983,2.5507,2.2817,2.0632,1.9621,1.9773,2.0448,2.2041,2.3744,2.5132,2.653,2.7912,2.9265,3.0284,3.0991,3.1236,3.0906,2.9938,2.8075,2.6516,2.4736,2.2908,2.0802,1.9495,1.8356,1.7506,1.7333,1.7459
1,3.7238,1.1555,39.963,225.12,126.18,33.99,41.692,62.755,73.948,68.434,57.852,50.73,48.215,47.175,44.552,41.124,40.487,36.627,33.615,31.871,29.515,26.828,27.218,22.89,22.283,22.181,22.388,22.605,24.53,23.93,23.425,23.15,23.391,23.47,27.8,24.195,20.079,18.6,18.552,20.067
4,0.0012745,0.0012326,0.01503,0.017983,0.030324,0.095658,0.23289,0.43634,0.74024,1.0682,1.2236,1.0819,0.74908,0.48965,0.37025,0.36125,0.37932,0.37898,0.34786,0.31127,0.26978,0.22833,0.1956,0.17364,0.15513,0.13835,0.12313,0.10822,0.095969,0.087218,0.080931,0.079584,0.082293,0.083507,0.084235,0.086169,0.087783,0.087195,0.087979,0.088859
2,0.0093715,0.0085075,0.1325,0.23346,0.31172,0.5317,1.2915,1.9436,1.9334,1.5609,1.1643,0.80818,0.54611,0.40202,0.31779,0.26887,0.23031,0.19434,0.1634,0.15459,0.15699,0.16213,0.17456,0.1784,0.18288,0.182,0.17572,0.17193,0.16139,0.15778,0.14421,0.1348,0.13662,0.13336,0.1232,0.11799,0.11236,0.1012,0.099711,0.091229
3,0.057049,0.017278,0.52283,2.835,2.2189,2.77,6.6855,9.9034,10.437,8.2147,5.5298,3.9574,3.7282,4.4053,5.3982,6.2598,6.7619,6.5973,5.8073,4.8857,3.8567,2.8628,2.1071,1.5161,1.1134,0.84738,0.6683,0.53943,0.47158,0.3948,0.34172,0.28893,0.29551,0.28978,0.27308,0.23816,0.20562,0.18533,0.1918,0.21241
2,0.0017956,0.00086459,0.014917,0.052395,0.092013,0.16009,0.41873,0.72136,0.80502,0.65609,0.45566,0.29904,0.20243,0.1538,0.1235,0.10441,0.090532,0.080557,0.073712,0.075028,0.080264,0.085102,0.090691,0.093523,0.094104,0.091027,0.085756,0.079987,0.074078,0.069839,0.063761,0.058567,0.057697,0.054513,0.048039,0.044361,0.040325,0.035791,0.033754,0.030621
2,0.00034092,0.00020087,0.0020278,0.011033,0.022081,0.024277,0.039758,0.090911,0.16627,0.22923,0.26503,0.3016,0.36355,0.44659,0.5307,0.59766,0.65372,0.70166,0.74986,0.83544,0.94778,1.0661,1.1787,1.2669,1.3241,1.343,1.347,1.351,1.366,1.392,1.4162,1.4762,1.5272,1.5633,1.5781,1.596,1.5941,1.5797,1.5799,1.5839
2,0.0013014,0.0006869,0.01829,0.039515,0.052993,0.056811,0.11149,0.20933,0.2649,0.25412,0.223,0.19011,0.15897,0.14238,0.13835,0.13892,0.13439,0.12223,0.10702,0.10236,0.1063,0.1163,0.12905,0.13896,0.14381,0.14042,0.13142,0.11941,0.10739,0.098371,0.092435,0.096025,0.10758,0.12471,0.14719,0.17883,0.21787,0.26298,0.31728,0.37861
2,0.0040773,0.0097364,0.04441,0.12565,0.24725,0.22208,0.22815,0.2108,0.19437,0.21074,0.21231,0.17799,0.12859,0.089517,0.0638,0.052944,0.05352,0.060199,0.070268,0.087041,0.1042,0.12149,0.13609,0.14359,0.14345,0.13464,0.12001,0.10394,0.087953,0.076634,0.062496,0.056772,0.054677,0.052152,0.052117,0.051262,0.05107,0.048415,0.048823,0.049676
4,0.27295,0.054598,0.66962,2.2119,4.3005,17.562,86.508,285.68,589.28,748.7,597.99,327.71,153.76,99.251,81.166,75.874,75.648,77.906,78.589,79.01,76.709,67.923,57.445,46.361,35.139,24.803,17.303,11.136,7.1225,4.5379,3.6293,2.2676,3.699,2.057,2.0137,2.39,2.4185,2.6216,2.9308,3.2097
3,0.29772,0.085295,2.3727,18.485,11.89,8.3776,16.688,26.624,30.47,24.835,17.548,15.123,17.901,23.324,28.617,31.38,30.974,26.815,20.469,15.074,10.742,7.6962,6.0309,4.8631,4.2676,3.8523,3.477,3.1379,2.9015,2.6692,2.4197,2.2079,2.2055,2.1228,2.8089,2.051,1.7176,1.5826,1.5407,1.5243
1,2.8496,1.2806,26.863,176.28,115.37,27.363,28.464,59.349,100.95,130.74,135.13,115.96,86.956,63.952,47.045,36.586,31.569,26.515,23.866,23.77,24.077,23.875,25.579,23.013,22.68,22.19,21.753,21.117,21.861,20.604,19.754,19.272,19.458,19.217,23.85,19.863,16.499,15.05,14.482,15.133
3,0.50477,0.14429,5.2054,21.593,10.09,32.633,88.56,140.31,153.97,116.99,67.102,37.317,28.728,29.025,28.757,25.851,21.151,15.802,10.808,7.7702,5.9336,4.3797,3.4521,2.8296,2.4558,2.2349,1.968,1.8675,1.7743,1.7961,1.9099,1.3436,1.8216,1.7909,1.6551,2.0547,1.042,0.7943,0.83368,0.84295
2,0.0047536,0.014794,0.045611,0.18086,0.23018,0.094249,0.048492,0.052394,0.082561,0.11652,0.13281,0.12782,0.11007,0.091577,0.07399,0.061089,0.056095,0.056726,0.062733,0.075956,0.092453,0.11097,0.12969,0.14293,0.15026,0.15073,0.14837,0.14422,0.14369,0.14315,0.14563,0.15641,0.17184,0.1884,0.2077,0.2272,0.24584,0.26533,0.28677,0.30918
4,0.016137,0.013486,0.27546,0.46467,0.26376,0.48242,1.0749,1.4293,1.4889,1.406,1.1497,0.8373,0.6337,0.55657,0.52149,0.49437,0.46032,0.41297,0.36024,0.33505,0.31838,0.30339,0.29115,0.27208,0.25083,0.22688,0.20314,0.1858,0.17288,0.16069,0.15449,0.15485,0.16995,0.17998,0.18437,0.20095,0.20556,0.20609,0.21789,0.23149
1,2.8395,1.2698,29.399,171.71,92.637,26.774,42.276,85.993,132.73,150.63,127.97,85.797,52.071,36.713,29.924,27.574,28.923,27.715,27.609,28.626,29.576,29.992,32.837,30.654,31.041,31.096,30.909,30.161,29.966,28.93,27.011,25.494,24.563,23.255,25.726,22.565,18.512,16.753,16.209,16.174
4,0.015147,0.013229,0.17807,0.32688,0.35795,1.3797,3.5747,5.2533,5.2303,3.9349,2.6491,1.9353,1.6954,1.6177,1.4714,1.2618,1.0462,0.86777,0.72086,0.65396,0.61855,0.58721,0.56608,0.54972,0.52652,0.5022,0.4799,0.47013,0.4781,0.50197,0.52735,0.55316,0.6079,0.64122,0.63167,0.63983,0.62569,0.59073,0.55772,0.5173
2,0.00401,0.0030443,0.059025,0.092288,0.11134,0.1982,0.56428,1.0663,1.3082,1.2428,1.0847,0.87593,0.63689,0.4464,0.31298,0.24261,0.20158,0.17062,0.14149,0.12709,0.11935,0.11391,0.11355,0.10992,0.1061,0.09883,0.090048,0.08319,0.072862,0.066911,0.059699,0.054223,0.055312,0.055574,0.048063,0.047002,0.045652,0.038819,0.038796,0.034763
3,0.29342,0.054365,2.418,17.896,10.575,9.1148,20.141,31.546,37.668,34.07,25.801,21.471,24.176,31.853,41.159,48.878,53.572,52.835,46.864,39.392,30.74,22.323,15.703,11.044,7.8915,5.9683,4.7376,3.903,3.3249,2.8662,2.4634,2.1116,2.0545,1.8084,2.6896,1.7451,1.3728,1.2463,1.2224,1.2239
4,0.002603,0.003483,0.041405,0.063102,0.040073,0.091966,0.23027,0.35217,0.40666,0.43576,0.49274,0.61861,0.83396,1.0942,1.3027,1.3606,1.2639,1.0644,0.82962,0.6845,0.59773,0.54939,0.51535,0.48683,0.44576,0.39646,0.347,0.30178,0.26534,0.23546,0.20938,0.19702,0.18634,0.17406,0.16271,0.15641,0.15042,0.14571,0.14675,0.14998
4,0.0006525,0.00035407,0.003798,0.01416,0.023983,0.077145,0.22601,0.36545,0.41815,0.43147,0.45738,0.5022,0.55619,0.59454,0.56602,0.4636,0.33021,0.22104,0.14794,0.12466,0.12173,0.12543,0.12736,0.12557,0.1178,0.10555,0.092024,0.080046,0.071559,0.067648,0.066205,0.070108,0.078599,0.087339,0.096714,0.10863,0.12026,0.13066,0.14102,0.14908
2,0.0028767,0.0017536,0.024853,0.046201,0.093236,0.33289,0.95197,1.6582,1.9392,1.6778,1.2088,0.77832,0.46983,0.29301,0.18734,0.13717,0.11006,0.091178,0.075344,0.069189,0.070654,0.070824,0.074665,0.076085,0.075845,0.071487,0.06441,0.056809,0.048878,0.045031,0.040552,0.033825,0.038587,0.038506,0.032166,0.032771,0.032529,0.031587,0.03304,0.031482
2,0.0095477,0.0094869,0.11582,0.22666,0.36075,0.81267,1.7538,2.1763,1.8996,1.5211,1.2248,0.87154,0.52123,0.29983,0.18715,0.15016,0.14105,0.13423,0.12551,0.12351,0.12312,0.12166,0.12457,0.12305,0.1207,0.11573,0.10552,0.096727,0.087039,0.085644,0.072949,0.066958,0.071316,0.074025,0.067935,0.06664,0.065798,0.057213,0.056781,0.051902
3,0.42603,0.18468,3.1943,21.379,16.747,32.945,68.667,84.103,79.478,56.567,30.985,16.948,15.201,19.676,25.428,29.702,31.585,29.755,25.257,20.626,15.981,11.626,8.4936,5.9752,4.3936,3.4646,2.7578,2.3351,2.0739,1.886,1.7356,1.4153,1.5827,1.5793,2.1241,1.3361,1.0569,0.92196,0.98424,1.0186
2,0.01194,0.0079636,0.17137,0.29103,0.42445,0.8818,1.8239,2.1944,1.9735,1.68,1.3758,1.0034,0.63919,0.40229,0.27915,0.2401,0.22831,0.21306,0.18787,0.17096,0.15481,0.1395,0.13442,0.12354,0.119,0.1146,0.10554,0.1043,0.092971,0.089381,0.076526,0.067272,0.069578,0.067224,0.060432,0.060906,0.06166,0.050161,0.053962,0.05107
4,1.7679e-05,7.3971e-05,0.00018548,0.00041693,0.00061641,0.0007428,0.000816,0.0010271,0.001545,0.0026145,0.0041082,0.0050959,0.0048531,0.0038935,0.0032869,0.0038049,0.0057501,0.0092059,0.014373,0.021239,0.029397,0.037395,0.043995,0.047685,0.047889,0.04444,0.038697,0.031836,0.025264,0.019615,0.014934,0.01262,0.010742,0.0091196,0.007976,0.007128,0.0063268,0.0056393,0.0051719,0.0048091
2,0.00085965,0.00090931,0.0041838,0.011936,0.031771,0.13371,0.38323,0.60482,0.61231,0.47021,0.32396,0.21554,0.1425,0.096174,0.064814,0.049866,0.045533,0.047262,0.052077,0.060563,0.070998,0.079301,0.086142,0.089276,0.087915,0.081863,0.072325,0.061472,0.050618,0.042288,0.033461,0.027407,0.025644,0.023106,0.019123,0.018085,0.017099,0.01628,0.016604,0.015985
3,9.3041,13.325,107.24,344.32,335.26,389.29,736.12,1161,1386,1305.2,1124.4,959.22,812.03,696.62,603.44,542.97,499.51,452.27,391.54,347.76,306.26,268,237.63,214.64,194.65,177.99,165.09,154.63,151.39,143.66,137.79,134.36,141.48,146.23,147.68,154.91,154.83,158.45,165.52,174.1
4,2.7326,1.5054,13.948,37.576,72.749,205.63,735.5,2018,3889,4997.6,4457.1,3264.5,2488,2189.3,1886.6,1539.4,1212,966.4,769.13,663.63,585.32,498.32,416.4,342.77,271.25,206.82,160.36,123.44,99.574,84.204,77.838,66.513,75.51,61.445,58.628,58.973,57.881,57.641,59.69,61.074
2,0.0058298,0.0044875,0.093355,0.10511,0.14423,0.36169,0.94827,1.5236,1.6248,1.3205,0.95454,0.65209,0.44096,0.32037,0.23954,0.18691,0.14728,0.11734,0.094837,0.088494,0.090388,0.092308,0.098901,0.098011,0.097482,0.092553,0.084467,0.079839,0.06928,0.06451,0.057323,0.050714,0.052977,0.054665,0.045642,0.045793,0.04518,0.040822,0.04497,0.041591
4,0.00091701,0.0025078,0.014052,0.027174,0.011402,0.027436,0.05966,0.072788,0.069492,0.059564,0.046668,0.036392,0.03178,0.033919,0.043215,0.059415,0.082107,0.10627,0.12728,0.1441,0.15206,0.1494,0.1389,0.12381,0.10569,0.087803,0.072217,0.058557,0.047724,0.038178,0.030309,0.025854,0.022542,0.019329,0.017058,0.015945,0.014195,0.012961,0.012639,0.012577
2,0.0018483,0.001011,0.02245,0.063689,0.035797,0.084941,0.23883,0.43591,0.6172,0.79251,0.89502,0.81587,0.58464,0.36133,0.21188,0.15257,0.14,0.14378,0.14855,0.15705,0.16532,0.16999,0.17329,0.17417,0.17123,0.16339,0.15257,0.13921,0.12559,0.11176,0.097339,0.08769,0.080676,0.074037,0.06644,0.063318,0.059242,0.056152,0.05521,0.055212
3,0.077675,0.037675,0.33107,4.1545,6.1316,4.2663,8.7899,14.163,15.805,12.455,7.9695,5.0318,4.1395,4.6504,5.7253,6.9218,8.027,8.6317,8.5293,8.0867,7.2373,6.1009,5.0287,4.1206,3.3366,2.7158,2.2336,1.8484,1.6319,1.247,1.0063,0.82525,0.74735,0.66425,0.51382,0.44977,0.39695,0.35652,0.35768,0.3984
1,2.6423,1.0677,22.049,167.67,124.85,31.608,48.114,88.323,123.76,141.15,136.99,112.08,79.883,56.86,41.9,33.901,30.979,27.573,26.032,26.369,26.925,26.677,28.769,25.255,23.985,22.055,20.011,17.62,17.549,14.068,12.258,11.192,10.979,10.963,13.222,10.78,9.7894,9.6149,10.468,13.211
4,0.072175,0.090748,0.83192,3.4345,1.9553,1.546,3.4022,5.3931,5.3433,3.5232,1.9254,1.1727,1.0216,1.1664,1.4957,1.9589,2.5887,3.2059,3.7566,4.2499,4.6223,4.8366,5.0021,5.0925,5.1904,5.2655,5.3651,5.4983,5.6897,5.854,5.9891,6.2241,6.4642,6.66,6.785,6.9523,6.9532,6.9981,7.1149,7.2709
4,5.9668e-05,0.00010448,0.00046698,0.0014634,0.002504,0.0054036,0.011607,0.017498,0.022269,0.026759,0.029968,0.031431,0.032921,0.037014,0.044857,0.056071,0.070226,0.084273,0.095685,0.10558,0.11206,0.11414,0.11286,0.10848,0.10001,0.088465,0.075776,0.063195,0.052407,0.044117,0.037819,0.035892,0.03483,0.033691,0.032736,0.031777,0.029993,0.02757,0.025121,0.02241
3,0.083033,0.063321,0.18606,2.9657,7.614,10.241,20.775,30.046,30.643,23.998,16.162,10.951,9.2332,9.7431,11.078,12.629,14.019,14.614,14.035,13.011,11.383,9.4158,7.5868,6.1666,4.9641,4.0546,3.357,2.824,2.416,2.1694,1.845,1.6321,1.6833,1.6085,1.5455,1.5921,1.6848,1.7749,1.9482,2.0646
2,0.010344,0.00658,0.11759,0.25242,0.39043,0.91352,2.2741,3.3472,3.1375,2.2131,1.363,0.74349,0.38492,0.22934,0.15566,0.12315,0.10539,0.089775,0.078234,0.077672,0.0825,0.08356,0.089004,0.087478,0.086348,0.082648,0.074171,0.068269,0.061563,0.065047,0.053316,0.043018,0.050909,0.05377,0.043961,0.04138,0.039136,0.034008,0.037522,0.035095
4,0.009249,0.0124,0.12662,0.25801,0.2048,0.37947,0.9726,1.6682,2.1111,2.2136,2.0675,1.8249,1.6268,1.5483,1.5212,1.5373,1.615,1.7358,1.8496,1.98,2.0464,2.0139,1.9112,1.7733,1.6114,1.4623,1.3506,1.2752,1.2328,1.2068,1.1745,1.1722,1.1695,1.1485,1.1158,1.0961,1.0649,1.0296,1.0123,1.002
4,6.6529e-05,0.00013015,0.00053825,0.0015969,0.0025023,0.005569,0.012522,0.019808,0.026292,0.032557,0.036988,0.038436,0.038897,0.041848,0.048301,0.057615,0.069439,0.081747,0.092998,0.10488,0.1155,0.12302,0.12722,0.12687,0.12028,0.10781,0.091963,0.074658,0.058593,0.045048,0.033958,0.028611,0.024702,0.021486,0.019499,0.018187,0.016799,0.015384,0.014229,0.013074
2,0.003599,0.002185,0.044096,0.060507,0.11489,0.41255,1.0351,1.4031,1.1975,0.78511,0.49312,0.30051,0.18211,0.12341,0.09242,0.078229,0.071085,0.066616,0.064248,0.0679,0.075206,0.081285,0.089336,0.09181,0.093404,0.091666,0.08578,0.082102,0.073387,0.070281,0.061915,0.056549,0.05621,0.056918,0.047984,0.046188,0.044529,0.039222,0.03983,0.035317
3,0.030552,0.0065979,0.23384,1.8429,1.2583,1.0967,2.3658,3.496,4.013,3.6926,3.0364,2.6456,2.7855,3.3647,4.0745,4.6245,4.8759,4.6263,3.9365,3.2008,2.4637,1.8308,1.4014,1.1078,0.93088,0.81852,0.73413,0.65828,0.59428,0.52759,0.45609,0.40005,0.36319,0.32305,0.34056,0.25723,0.2129,0.1858,0.17414,0.16846
1,2.8505,1.0439,25.734,177.43,121.26,35.963,46.072,95.279,148.45,167,145.22,106.83,73.885,55.227,44.995,41.53,42.785,40.939,38.659,37.056,34.829,32.071,32.217,28.172,27.121,26.113,25.25,23.941,23.779,22.114,20.231,19.033,19.065,18.872,24.164,21.222,18.989,19.061,20.037,21.851
2,0.00037977,0.00015752,0.0031246,0.017325,0.019467,0.017508,0.032274,0.059499,0.090753,0.12104,0.15113,0.18008,0.20493,0.22476,0.2381,0.24728,0.25939,0.27507,0.29126,0.3162,0.34073,0.35944,0.37378,0.38373,0.38958,0.39105,0.3932,0.398,0.40624,0.41633,0.42408,0.44054,0.45379,0.46294,0.46698,0.4737,0.47646,0.47733,0.48342,0.49022
4,0.00852,0.011374,0.10906,0.23477,0.15998,0.38578,1.0328,1.6925,1.9136,1.8595,1.999,2.6363,4.0768,6.4296,9.4298,12.117,13.778,13.693,11.858,9.517,7.0065,4.8271,3.241,2.3432,1.7754,1.4708,1.3148,1.2265,1.1747,1.1437,1.1012,1.0814,1.0548,1.0022,0.93413,0.88288,0.82407,0.76862,0.73652,0.71435
2,0.0023718,0.0010336,0.023517,0.031081,0.081905,0.32422,0.82582,1.2517,1.331,1.1412,0.86906,0.63289,0.44919,0.32655,0.25181,0.21515,0.1887,0.1668,0.15183,0.1561,0.17062,0.18179,0.18828,0.18404,0.17034,0.14914,0.1255,0.10555,0.087658,0.079186,0.071605,0.066272,0.073876,0.07286,0.075155,0.081019,0.087407,0.091689,0.099279,0.10267
2,0.032257,0.0052783,0.339,1.9431,1.1021,0.4399,0.80878,1.2028,1.4076,1.4049,1.3349,1.29,1.3181,1.3973,1.4588,1.4995,1.5805,1.6563,1.7447,1.8856,2.0249,2.1371,2.2635,2.3315,2.4235,2.5005,2.5791,2.6534,2.7287,2.7549,2.7346,2.7466,2.736,2.715,2.718,2.7081,2.6797,2.683,2.7354,2.8055
2,0.007207,0.0041173,0.089076,0.14,0.2779,0.8474,1.8489,2.1448,1.6275,1.0447,0.71114,0.49003,0.31547,0.19835,0.1312,0.10674,0.10212,0.10279,0.10415,0.11106,0.1179,0.12094,0.12472,0.12087,0.116,0.10867,0.094747,0.08586,0.072056,0.066034,0.053301,0.045969,0.047728,0.050777,0.044251,0.04626,0.047054,0.042038,0.046099,0.043679
3,0.39271,0.12269,4.0608,21.085,9.7694,14.574,34.77,53.553,58.092,42.593,23.527,13.612,12.643,15.76,19.38,21.774,22.651,21.122,17.809,14.463,11.168,8.1709,6.0482,4.5238,3.5705,2.9778,2.5127,2.1943,1.955,1.7304,1.5568,1.2231,1.2981,1.2423,1.9252,1.5498,0.78636,0.62798,0.65607,0.68952
4,0,0,0,0,0,0,0,0,0,0,0,0,0,0,0,0,0,0,0,0,0,0,0,0,0,0,0,0,0,0,0,0,0,0,0,0,0,0,0,0
3,0.048935,0.013255,0.31506,2.9995,2.8514,1.58,2.7759,4.1379,4.8942,4.4565,3.7386,3.7071,4.6723,6.4371,8.5853,10.526,12.004,12.494,11.852,10.743,9.1364,7.3086,5.6665,4.3305,3.2663,2.4966,1.962,1.5598,1.3024,1.0341,0.84408,0.73014,0.66069,0.58453,0.55542,0.48577,0.44672,0.43122,0.43385,0.46999
1,3.1203,0.97877,27.588,197.61,129.33,38.056,64.277,132.25,179.62,161.21,109.55,66.869,43.848,34.582,29.451,26.867,27.894,26.032,25.551,26.068,26.013,24.757,25.759,21.462,19.852,18.359,17.179,16.409,17.271,17.829,18.901,20.277,23.65,26.617,36.704,34.554,34.911,37.219,40.194,43.447
4,0.00032423,0.00053231,0.0047882,0.0081319,0.0071511,0.017441,0.033929,0.044074,0.054361,0.061175,0.058006,0.047529,0.035106,0.026373,0.022015,0.022483,0.027009,0.034531,0.044026,0.055084,0.06556,0.073079,0.07711,0.077242,0.073856,0.067864,0.06096,0.05396,0.047758,0.042413,0.038077,0.036647,0.036555,0.037147,0.038895,0.04224,0.045905,0.049769,0.054285,0.058752
3,0.001534,0.0009826,0.0064751,0.058217,0.10078,0.14029,0.31583,0.51356,0.63882,0.64386,0.60297,0.61096,0.71179,0.88911,1.0867,1.2358,1.3044,1.2628,1.1141,0.95795,0.79655,0.65398,0.5512,0.4969,0.46721,0.45508,0.45407,0.45876,0.46667,0.47318,0.47423,0.47933,0.47795,0.46504,0.43977,0.41341,0.37839,0.33929,0.3059,0.27395
